,Unnamed: 0,Unnamed: 0.1,Unnamed: 0.1.1,Unnamed: 0.1.1.1,Unnamed: 0.1.1.1.1,Unnamed: 0.1.1.1.1.1,Unnamed: 0.1.1.1.1.1.1,Unnamed: 0.1.1.1.1.1.1.1,Unnamed: 0.1.1.1.1.1.1.1.1,id,senid,name,type,date,init01,init02,m01,m02,c01,c02,c03,c04,pc01,pc02,gf01,gf02,gf03,gf04,gf05,gf06,logger1_pos1,logger1_pos2,logger2_pos1,logger2_pos2,logger3_pos1,logger3_pos2
0,0,0,0,0,0,0,0,0,0,1,HS0101,HS-1-1,HS,2020-01-01 1:00,5399.28,0.0,2280.356,0.0,-10.096,0.0,0.0,0.0,-10.096,0.0,0.050668,999999.0,999999.0,0.0,0.0,0.0,18.0,0.0,0.0,0.0,0.0,0.0
1,1,1,1,1,1,1,1,1,1,2,HS0110,HS-1-10,HS,2020-01-01 1:00,5179.41,0.0,3297.058,0.0,288.537,0.0,0.0,0.0,288.537,0.0,0.050699,999999.0,999999.0,0.0,0.0,0.0,27.0,0.0,0.0,0.0,0.0,0.0
2,2,2,2,2,2,2,2,2,2,3,HS0111,HS-1-11,HS,2020-01-01 1:00,5131.01,0.0,2292.937,0.0,6.409,0.0,0.0,0.0,6.409,0.0,0.050643,999999.0,999999.0,0.0,0.0,0.0,28.0,0.0,0.0,0.0,0.0,0.0
3,3,3,3,3,3,3,3,3,3,4,HS0112,HS-1-12,HS,2020-01-01 1:00,5261.71,0.0,2294.417,0.0,0.132,0.0,0.0,0.0,0.132,0.0,0.050136,999999.0,999999.0,0.0,0.0,0.0,29.0,0.0,0.0,0.0,0.0,0.0
4,4,4,4,4,4,4,4,4,4,5,HS0113,HS-1-13,HS,2020-01-01 1:00,5441.44,0.0,2331.938,0.0,-0.174,0.0,0.0,0.0,-0.174,0.0,0.049632,999999.0,999999.0,0.0,0.0,0.0,30.0,0.0,0.0,0.0,0.0,0.0
5,5,5,5,5,5,5,5,5,5,6,HS0114,HS-1-14,HS,2020-01-01 1:00,5213.52,0.0,2279.658,0.0,-0.862,0.0,0.0,0.0,-0.862,0.0,0.051674,999999.0,999999.0,0.0,0.0,0.0,31.0,0.0,0.0,0.0,0.0,0.0
6,6,6,6,6,6,6,6,6,6,7,HS0102,HS-1-2,HS,2020-01-01 1:00,5296.09,0.0,539.993,0.0,-252.747,0.0,0.0,0.0,-252.747,0.0,0.050504,999999.0,999999.0,0.0,0.0,0.0,19.0,0.0,0.0,0.0,0.0,0.0
7,7,7,7,7,7,7,7,7,7,8,HS0103,HS-1-3,HS,2020-01-01 1:00,5145.39,0.0,2261.434,0.0,-1.558,0.0,0.0,0.0,-1.558,0.0,0.049755,999999.0,999999.0,0.0,0.0,0.0,20.0,0.0,0.0,0.0,0.0,0.0
8,8,8,8,8,8,8,8,8,8,9,HS0104,HS-1-4,HS,2020-01-01 1:00,5290.31,0.0,2288.28,0.0,-2.693,0.0,0.0,0.0,-2.693,0.0,0.049799,999999.0,999999.0,0.0,0.0,0.0,21.0,0.0,0.0,0.0,0.0,0.0
9,9,9,9,9,9,9,9,9,9,10,HS0105,HS-1-5,HS,2020-01-01 1:00,5221.92,0.0,2314.708,0.0,6.824,0.0,0.0,0.0,6.824,0.0,0.050196,999999.0,999999.0,0.0,0.0,0.0,22.0,0.0,0.0,0.0,0.0,0.0
10,10,10,10,10,10,10,10,10,10,11,HS0106,HS-1-6,HS,2020-01-01 1:00,4959.24,0.0,2314.709,0.0,20.69,0.0,0.0,0.0,20.69,0.0,0.051901,999999.0,999999.0,0.0,0.0,0.0,23.0,0.0,0.0,0.0,0.0,0.0
11,11,11,11,11,11,11,11,11,11,12,HS0107,HS-1-7,HS,2020-01-01 1:00,5160.42,0.0,2269.728,0.0,-0.439,0.0,0.0,0.0,-0.439,0.0,0.050137,999999.0,999999.0,0.0,0.0,0.0,24.0,0.0,0.0,0.0,0.0,0.0
12,12,12,12,12,12,12,12,12,12,14,HS0109,HS-1-9,HS,2020-01-01 1:00,4985.13,0.0,2257.087,0.0,5.656,0.0,0.0,0.0,5.656,0.0,0.051744,999999.0,999999.0,0.0,0.0,0.0,26.0,0.0,0.0,0.0,0.0,0.0
13,13,13,13,13,13,13,13,13,13,15,SG0001,SC-1,SG,2020-01-01 1:00,4116.35,9.3,2015.951,-4.875,-0.646,-8.249,7.603,0.0,-0.646,-8.249,-0.07453,-0.29533,999999.0,0.0,0.0,0.0,17.0,90.0,0.0,0.0,0.0,0.0
14,14,14,14,14,14,14,14,14,14,16,SG0002,SC-2,SG,2020-01-01 1:00,4066.99,8.9,1996.132,-6.676,1.64,20.943,-19.303,0.0,1.64,20.943,-0.072303,-0.35718,999999.0,0.0,0.0,0.0,15.0,91.0,0.0,0.0,0.0,0.0
15,15,15,15,15,15,15,15,15,15,18,SG0004,SC-4,SG,2020-01-01 1:00,4243.2,5.5,2026.744,-31.207,5.592,71.41,-65.818,0.0,5.592,71.41,-0.075678,-0.2994,999999.0,0.0,0.0,0.0,40.0,116.0,0.0,0.0,0.0,0.0
16,16,16,16,16,16,16,16,16,16,19,SG0005,SC-5,SG,2020-01-01 1:00,3869.9,6.4,1943.929,-31.027,2.551,32.576,-30.025,0.0,2.551,32.576,-0.074248,-0.35689,999999.0,0.0,0.0,0.0,41.0,117.0,0.0,0.0,0.0,0.0
17,17,17,17,17,17,17,17,17,17,20,EP0101,EP-1C,EP,2020-06-29 10:00,3485.53,7.3,1686.526,-24.824,121.192,0.0,0.0,0.0,121.192,0.0,-1.9858,-0.42051,999999.0,0.0,0.0,0.0,3.0,113.0,0.0,0.0,0.0,0.0
18,18,18,18,18,18,18,18,18,18,21,EP0102,EP-1D,EP,2020-06-29 10:00,3316.75,7.4,1686.04,-24.824,83.67,0.0,0.0,0.0,83.67,0.0,-1.9021,-0.23497,999999.0,0.0,0.0,0.0,4.0,113.0,0.0,0.0,0.0,0.0
19,19,19,19,19,19,19,19,19,19,23,EP0201,EP-2C,EP,2020-06-29 10:00,3617.09,17.1,1835.215,-24.824,28.139,0.0,0.0,0.0,28.139,0.0,-1.3898,-0.58198,999999.0,0.0,0.0,0.0,39.0,113.0,0.0,0.0,0.0,0.0
20,20,20,20,20,20,20,20,20,20,24,EP0202,EP-2D,EP,2020-06-29 10:00,3452.26,20.3,1816.455,-20.069,15.187,0.0,0.0,0.0,15.187,0.0,-1.4423,-0.88342,999999.0,0.0,0.0,0.0,7.0,83.0,0.0,0.0,0.0,0.0
21,21,21,21,21,21,21,21,21,21,26,EP0301,EP-3C,EP,2020-06-29 10:00,3433.34,11.2,1761.177,-7.182,39.854,0.0,0.0,0.0,39.854,0.0,-1.371,-0.96826,999999.0,0.0,0.0,0.0,9.0,85.0,0.0,0.0,0.0,0.0
22,22,22,22,22,22,22,22,22,22,27,EP0303,EP-3U,EP,2020-06-29 10:00,3748.09,9.6,1876.514,-21.248,23.695,0.0,0.0,0.0,23.695,0.0,-1.3357,-0.51758,999999.0,0.0,0.0,0.0,8.0,84.0,0.0,0.0,0.0,0.0
23,23,23,23,23,23,23,23,23,23,28,EP0401,EP-4C,EP,2020-06-29 10:00,3870.73,8.5,1875.888,-34.559,41.553,0.0,0.0,0.0,41.553,0.0,-1.3629,-0.74109,999999.0,0.0,0.0,0.0,12.0,88.0,0.0,0.0,0.0,0.0
24,24,24,24,24,24,24,24,24,24,30,EP0403,EP-4U,EP,2020-06-29 10:00,3785.38,9.4,1881.938,-6.381,26.179,0.0,0.0,0.0,26.179,0.0,-1.3472,-0.5052,999999.0,0.0,0.0,0.0,11.0,87.0,0.0,0.0,0.0,0.0
25,25,25,25,25,25,25,25,25,25,31,EP0502,EP-5D,EP,2020-06-29 10:00,3139.23,3.0,1747.51,-9.591,5.394,0.0,0.0,0.0,5.394,0.0,-1.3347,-1.0928,999999.0,0.0,0.0,0.0,36.0,112.0,0.0,0.0,0.0,0.0
26,26,26,26,26,26,26,26,26,26,32,EP0503,EP-5U,EP,2020-06-29 10:00,3560.66,11.2,1853.981,-13.568,9.401,0.0,0.0,0.0,9.401,0.0,-1.283,-0.70566,999999.0,0.0,0.0,0.0,34.0,110.0,0.0,0.0,0.0,0.0
27,27,27,27,27,27,27,27,27,27,33,EP0601,EP-6C,EP,2020-06-29 10:00,3848.65,9.5,1921.733,-22.431,13.898,0.0,0.0,0.0,13.898,0.0,-1.3603,-0.85019,999999.0,0.0,0.0,0.0,38.0,114.0,0.0,0.0,0.0,0.0
28,28,28,28,28,28,28,28,28,28,34,EP0603,EP-6U,EP,2020-06-29 10:00,3594.16,8.9,1865.3,-24.824,8.44,0.0,0.0,0.0,8.44,0.0,-1.3217,-0.78475,999999.0,0.0,0.0,0.0,37.0,113.0,0.0,0.0,0.0,0.0
29,29,29,29,29,29,29,29,29,29,37,PJ0102,PJ-1-2,PJ,2020-01-01 1:00,4697.9,0.0,833.373,0.0,-68.686,0.0,0.0,0.0,-68.686,0.0,0.017157,999999.0,999999.0,0.0,0.0,0.0,68.0,0.0,0.0,0.0,0.0,0.0
30,30,30,30,30,30,30,30,30,30,39,PP0001,PP-1,PP,2020-06-12 15:00,3809.72,3.3,1845.129,-22.782,2.361,0.0,0.0,0.0,2.361,0.0,-0.656,-6e-06,-0.37962,0.0,0.0,0.0,10.0,118.0,0.0,0.0,0.0,0.0
31,31,31,31,31,31,31,31,31,31,40,PP0002,PP-2,PP,2020-06-29 10:00,3262.57,0.6,3404.335,-18.217,-62.933,0.0,0.0,0.0,-62.933,0.0,-0.658,-8e-06,-0.37972,0.0,0.0,0.0,43.0,119.0,0.0,0.0,0.0,0.0
32,32,32,32,32,32,32,32,32,32,41,PP0003,PP-3,PP,2020-06-29 10:00,3942.87,21.7,1832.585,-30.296,3.664,0.0,0.0,0.0,3.664,0.0,-0.677,-8e-06,-0.31572,0.0,0.0,0.0,44.0,120.0,0.0,0.0,0.0,0.0
33,33,33,33,33,33,33,33,33,33,42,PP0004,PP-4,PP,2020-06-29 10:00,3627.39,9.0,1803.137,-5.798,2.258,0.0,0.0,0.0,2.258,0.0,-0.678,-5e-06,-0.31414,0.0,0.0,0.0,32.0,108.0,0.0,0.0,0.0,0.0
34,34,34,34,34,34,34,34,34,34,43,PP0005,PP-5,PP,2020-06-29 10:00,2923.32,21.5,1585.234,-4.755,2.555,0.0,0.0,0.0,2.555,0.0,-0.675,-7e-06,-0.66007,0.0,0.0,0.0,33.0,109.0,0.0,0.0,0.0,0.0
35,35,35,35,35,35,35,35,35,35,44,JM0002,JM-2,JM,2020-02-19 10:00,2996.46,0.0,1805.615,2.268,2.268,0.0,0.0,0.0,2.268,0.0,0.008599,999999.0,999999.0,0.0,0.0,0.0,63.0,0.0,0.0,0.0,0.0,0.0
36,36,36,36,36,36,36,36,36,36,45,JM0006,JM-6,JM,2020-03-26 10:00,2830.32,0.0,1699.615,0.502,0.502,0.0,0.0,0.0,0.502,0.0,0.008592,999999.0,999999.0,0.0,0.0,0.0,64.0,0.0,0.0,0.0,0.0,0.0
37,37,37,37,37,37,37,37,37,37,49,PJ0203,PJ-2-3,PJ,2020-01-01 1:00,4467.3,0.0,2083.982,0.0,-2.15,0.0,0.0,0.0,-2.15,0.0,0.017298,999999.0,999999.0,0.0,0.0,0.0,55.0,0.0,0.0,0.0,0.0,0.0
38,38,38,38,38,38,38,38,38,38,51,JM0007,JM-7,JM,2020-05-09 6:00,2263.22,0.0,1481.896,-0.576,-0.576,0.0,0.0,0.0,-0.576,0.0,0.00857,999999.0,999999.0,0.0,0.0,0.0,0.0,0.0,54.0,0.0,0.0,0.0
39,39,39,39,39,39,39,39,39,39,63,PJ0701,PJ-7-1,PJ,2020-01-01 1:00,4450.11,0.0,2139.216,0.0,2.178,0.0,0.0,0.0,2.178,0.0,0.017267,999999.0,999999.0,0.0,0.0,0.0,0.0,0.0,0.0,0.0,53.0,0.0
40,40,40,40,40,40,40,40,40,40,67,PP0011,PP-11,PP,2020-06-29 10:00,3674.87,10.0,1882.317,-8.406,0.56,0.0,0.0,0.0,0.56,0.0,-0.699,-9e-06,-0.65182,0.0,0.0,0.0,0.0,0.0,33.0,102.0,0.0,0.0
41,41,41,41,41,41,41,41,41,41,69,PP0007,PP-7,PP,2020-06-29 10:00,3713.77,9.5,1821.947,2.178,2.413,0.0,0.0,0.0,2.413,0.0,-0.69,-9e-06,-0.46137,0.0,0.0,0.0,0.0,0.0,11.0,80.0,0.0,0.0
42,42,42,42,42,42,42,42,42,42,70,PP0008,PP-8,PP,2020-06-29 10:00,3758.3,10.0,1815.509,-2.851,2.735,0.0,0.0,0.0,2.735,0.0,-0.653,-8e-06,-0.79609,0.0,0.0,0.0,0.0,0.0,12.0,83.0,0.0,0.0
43,43,43,43,43,43,43,43,43,43,71,PP0009,PP-9,PP,2021-06-04 14:00,3781.59,19.7,1816.249,-0.522,2.938,0.0,0.0,0.0,2.938,0.0,-0.668,-7e-06,-0.14764,0.0,0.0,0.0,0.0,0.0,12.0,81.0,0.0,0.0
44,44,44,44,44,44,44,44,44,44,73,HS0201,HS-2-1,HS,2020-01-01 1:00,5261.53,0.0,2248.322,0.0,-10.255,0.0,0.0,0.0,-10.255,0.0,0.049641,999999.0,999999.0,0.0,0.0,0.0,0.0,0.0,18.0,0.0,0.0,0.0
45,45,45,45,45,45,45,45,45,45,75,HS0211,HS-2-11,HS,2020-01-01 1:00,5081.74,0.0,2302.275,0.0,11.052,0.0,0.0,0.0,11.052,0.0,0.050527,999999.0,999999.0,0.0,0.0,0.0,0.0,0.0,28.0,0.0,0.0,0.0
46,46,46,46,46,46,46,46,46,46,77,HS0213,HS-2-13,HS,2020-01-01 1:00,5401.54,0.0,2330.664,0.0,1.522,0.0,0.0,0.0,1.522,0.0,0.049964,999999.0,999999.0,0.0,0.0,0.0,0.0,0.0,30.0,0.0,0.0,0.0
47,47,47,47,47,47,47,47,47,47,80,HS0203,HS-2-3,HS,2020-01-01 1:00,5459.09,0.0,2253.267,0.0,-19.162,0.0,0.0,0.0,-19.162,0.0,0.050179,999999.0,999999.0,0.0,0.0,0.0,0.0,0.0,20.0,0.0,0.0,0.0
48,48,48,48,48,48,48,48,48,48,81,HS0204,HS-2-4,HS,2020-01-01 1:00,5465.57,0.0,419.862,0.0,-264.083,0.0,0.0,0.0,-264.083,0.0,0.049928,999999.0,999999.0,0.0,0.0,0.0,0.0,0.0,21.0,0.0,0.0,0.0
49,49,49,49,49,49,49,49,49,49,82,HS0205,HS-2-5,HS,2020-01-01 1:00,5328.24,0.0,2305.653,0.0,-0.613,0.0,0.0,0.0,-0.613,0.0,0.050236,999999.0,999999.0,0.0,0.0,0.0,0.0,0.0,22.0,0.0,0.0,0.0
50,50,50,50,50,50,50,50,50,50,83,HS0206,HS-2-6,HS,2020-01-01 1:00,5099.54,0.0,419.979,0.0,-249.658,0.0,0.0,0.0,-249.658,0.0,0.050711,999999.0,999999.0,0.0,0.0,0.0,0.0,0.0,23.0,0.0,0.0,0.0
51,51,51,51,51,51,51,51,51,51,84,HS0207,HS-2-7,HS,2020-01-01 1:00,5244.79,0.0,2284.97,0.0,-1.189,0.0,0.0,0.0,-1.189,0.0,0.050152,999999.0,999999.0,0.0,0.0,0.0,0.0,0.0,24.0,0.0,0.0,0.0
52,52,52,52,52,52,52,52,52,52,85,HS0208,HS-2-8,HS,2020-01-01 1:00,5171.22,0.0,539.888,0.0,-243.489,0.0,0.0,0.0,-243.489,0.0,0.049898,999999.0,999999.0,0.0,0.0,0.0,0.0,0.0,25.0,0.0,0.0,0.0
53,53,53,53,53,53,53,53,53,53,86,HS0209,HS-2-9,HS,2020-01-01 1:00,4948.33,0.0,2287.503,0.0,14.422,0.0,0.0,0.0,14.422,0.0,0.050721,999999.0,999999.0,0.0,0.0,0.0,0.0,0.0,26.0,0.0,0.0,0.0
54,54,54,54,54,54,54,54,54,54,87,SG0010,SC-10,SG,2020-01-01 1:00,4009.5,5.2,1986.487,4.548,0.319,4.074,-3.755,0.0,0.319,4.074,-0.076324,-0.3231,999999.0,0.0,0.0,0.0,0.0,0.0,41.0,110.0,0.0,0.0
55,55,55,55,55,55,55,55,55,55,88,SG0006,SC-6,SG,2020-01-01 1:00,4107.17,9.5,1967.64,-1.24,12.928,165.091,-152.163,0.0,12.928,165.091,-0.072839,-0.33943,999999.0,0.0,0.0,0.0,0.0,0.0,14.0,83.0,0.0,0.0
56,56,56,56,56,56,56,56,56,56,89,SG0007,SC-7,SG,2020-01-01 1:00,4008.0,9.4,1984.078,-10.968,0.931,11.889,-10.958,0.0,0.931,11.889,-0.075183,-0.33983,999999.0,0.0,0.0,0.0,0.0,0.0,15.0,84.0,0.0,0.0
57,57,57,57,57,57,57,57,57,57,90,SG0008,SC-8,SG,2020-01-01 1:00,4140.41,10.2,1968.751,-8.683,15.609,199.327,-183.718,0.0,15.609,199.327,-0.075667,-0.34523,999999.0,0.0,0.0,0.0,0.0,0.0,16.0,85.0,0.0,0.0
58,58,58,58,58,58,58,58,58,58,91,SG0009,SC-9,SG,2020-01-01 1:00,4052.5,5.2,1972.94,-21.531,7.787,99.44,-91.653,0.0,7.787,99.44,-0.076624,-0.31058,999999.0,0.0,0.0,0.0,0.0,0.0,40.0,109.0,0.0,0.0
59,59,59,59,59,59,59,59,59,59,92,EP1001,EP-10C,EP_,2020-06-29 10:00,3635.55,12.1,1815.509,1.075,4.644,0.0,0.0,0.0,4.644,0.0,-1.3415,-0.545,999999.0,0.0,0.0,0.0,0.0,0.0,12.0,81.0,0.0,0.0
60,60,60,60,60,60,60,60,60,60,93,EP1002,EP-10D,EP_,2020-06-29 10:00,3067.78,6.7,1682.832,0.659,3.291,0.0,0.0,0.0,3.291,0.0,-1.3683,-0.47037,999999.0,0.0,0.0,0.0,0.0,0.0,13.0,82.0,0.0,0.0
61,61,61,61,61,61,61,61,61,61,94,EP1003,EP-10U,EP_,2020-06-29 10:00,3507.59,14.1,1821.947,2.178,2.574,0.0,0.0,0.0,2.574,0.0,-1.3422,-0.65432,999999.0,0.0,0.0,0.0,0.0,0.0,11.0,80.0,0.0,0.0
62,62,62,62,62,62,62,62,62,62,95,EP1101,EP-11C,EP_,2020-06-29 10:00,3570.11,10.9,1849.154,-7.738,2.056,0.0,0.0,0.0,2.056,0.0,-1.3375,-0.29258,999999.0,0.0,0.0,0.0,0.0,0.0,35.0,104.0,0.0,0.0
63,63,63,63,63,63,63,63,63,63,96,EP1102,EP-11D,EP_,2020-06-29 10:00,3787.25,13.2,1914.311,3.141,1.645,0.0,0.0,0.0,1.645,0.0,-1.3149,-0.88757,999999.0,0.0,0.0,0.0,0.0,0.0,36.0,105.0,0.0,0.0
64,64,64,64,64,64,64,64,64,64,97,EP1103,EP-11U,EP_,2020-06-29 10:00,3765.65,11.3,405.703,-12.894,51.904,0.0,0.0,0.0,51.904,0.0,-1.4135,-0.72443,999999.0,0.0,0.0,0.0,0.0,0.0,34.0,103.0,0.0,0.0
65,65,65,65,65,65,65,65,65,65,98,EP1201,EP-12C,EP_,2020-06-29 10:00,3161.48,14.2,1743.35,-3.402,1.649,0.0,0.0,0.0,1.649,0.0,-1.3235,-0.60385,999999.0,0.0,0.0,0.0,0.0,0.0,38.0,107.0,0.0,0.0
66,66,66,66,66,66,66,66,66,66,99,EP1202,EP-12D,EP_,2020-06-29 10:00,3166.64,9.2,1743.467,2.456,1.807,0.0,0.0,0.0,1.807,0.0,-1.396,-0.69802,999999.0,0.0,0.0,0.0,0.0,0.0,39.0,108.0,0.0,0.0
67,67,67,67,67,67,67,67,67,67,100,EP1203,EP-12U,EP_,2020-06-29 10:00,3709.05,10.4,1901.938,-1.561,1.298,0.0,0.0,0.0,1.298,0.0,-1.388,-0.33831,999999.0,0.0,0.0,0.0,0.0,0.0,37.0,106.0,0.0,0.0
68,68,68,68,68,68,68,68,68,68,101,EP0701,EP-7C,EP_,2020-06-29 10:00,3272.74,5.8,1664.246,-17.252,10.075,0.0,0.0,0.0,10.075,0.0,-1.9642,-0.24264,999999.0,0.0,0.0,0.0,0.0,0.0,3.0,72.0,0.0,0.0
69,69,69,69,69,69,69,69,69,69,102,EP0702,EP-7D,EP_,2020-06-29 10:00,3486.47,5.7,660.098,-6.022,59.639,0.0,0.0,0.0,59.639,0.0,-1.9171,-0.32704,999999.0,0.0,0.0,0.0,0.0,0.0,4.0,73.0,0.0,0.0
70,70,70,70,70,70,70,70,70,70,103,EP0703,EP-7U,EP_,2020-06-29 10:00,3315.76,5.7,1705.342,-5.628,7.901,0.0,0.0,0.0,7.901,0.0,-1.9012,-0.30196,999999.0,0.0,0.0,0.0,0.0,0.0,2.0,71.0,0.0,0.0
71,71,71,71,71,71,71,71,71,71,104,EP0801,EP-8C,EP_,2020-06-29 10:00,3762.43,12.4,660.146,3.6,48.343,0.0,0.0,0.0,48.343,0.0,-1.4251,-0.85507,999999.0,0.0,0.0,0.0,0.0,0.0,6.0,75.0,0.0,0.0
72,72,72,72,72,72,72,72,72,72,105,EP0802,EP-8D,EP_,2020-06-29 10:00,3762.92,13.9,1901.355,-6.58,2.127,0.0,0.0,0.0,2.127,0.0,-1.4115,-0.91748,999999.0,0.0,0.0,0.0,0.0,0.0,7.0,76.0,0.0,0.0
73,73,73,73,73,73,73,73,73,73,106,EP0803,EP-8U,EP_,2020-06-29 10:00,3479.98,10.6,1821.012,-3.261,2.277,0.0,0.0,0.0,2.277,0.0,-1.3627,-0.67284,999999.0,0.0,0.0,0.0,0.0,0.0,5.0,74.0,0.0,0.0
74,74,74,74,74,74,74,74,74,74,107,EP0901,EP-9C,EP_,2020-06-29 10:00,2923.3,8.2,3340.022,-5.613,-109.451,0.0,0.0,0.0,-109.451,0.0,-1.3038,-0.97786,999999.0,0.0,0.0,0.0,0.0,0.0,9.0,78.0,0.0,0.0
75,75,75,75,75,75,75,75,75,75,108,EP0902,EP-9D,EP_,2020-06-29 10:00,3726.3,8.5,1867.203,4.886,3.407,0.0,0.0,0.0,3.407,0.0,-1.393,-0.63556,999999.0,0.0,0.0,0.0,0.0,0.0,10.0,79.0,0.0,0.0
76,76,76,76,76,76,76,76,76,76,109,EP0903,EP-9U,EP_,2020-06-29 10:00,3689.35,8.5,1877.878,-15.891,2.192,0.0,0.0,0.0,2.192,0.0,-1.3191,-0.42047,999999.0,0.0,0.0,0.0,0.0,0.0,8.0,77.0,0.0,0.0
77,77,77,77,77,77,77,77,77,77,110,JM0004,JM-4,JM,2020-02-19 10:00,2095.9,0.0,1557.307,2.687,2.687,0.0,0.0,0.0,2.687,0.0,0.00816,999999.0,999999.0,0.0,0.0,0.0,0.0,0.0,0.0,0.0,62.0,0.0
78,78,78,78,78,78,78,78,78,78,111,JM0008,JM-8,JM,2020-04-16 19:00,2398.83,0.0,1554.343,0.146,0.146,0.0,0.0,0.0,0.146,0.0,0.008518,999999.0,999999.0,0.0,0.0,0.0,0.0,0.0,0.0,0.0,64.0,0.0
79,79,79,79,79,79,79,79,79,79,118,NS0007,NS-7,NS,2020-04-13 8:00,2433.83,0.0,796.095,7.054,-1637.735,-1637.735,0.0,0.0,-1637.735,0.0,999999.0,999999.0,999999.0,0.0,0.0,0.0,0.0,0.0,0.0,0.0,66.0,136.0
80,80,80,80,80,80,80,80,80,80,121,PJ0403,PJ-4-3,PJ,2020-01-01 1:00,4771.34,0.0,1780.931,0.0,-27.453,0.0,0.0,0.0,-27.453,0.0,0.017162,999999.0,999999.0,0.0,0.0,0.0,63.0,0.0,0.0,0.0,0.0,0.0
81,81,81,81,81,81,81,81,81,81,125,PP0012,PP-12,PP,2020-06-29 8:00,3414.92,-1.9,3377.071,3.53,-61.078,0.0,0.0,0.0,-61.078,0.0,-0.685,-6e-06,-0.30432,0.0,0.0,0.0,0.0,0.0,0.0,0.0,42.0,112.0
82,82,82,82,82,82,82,82,82,82,126,PP0013,PP-13,PP,2020-06-29 8:00,3437.86,26.0,1785.953,-16.185,1.392,0.0,0.0,0.0,1.392,0.0,-0.683,-9e-06,-0.39708,0.0,0.0,0.0,0.0,0.0,0.0,0.0,43.0,113.0
83,83,83,83,83,83,83,83,83,83,127,PP0014,PP-14,PP,2020-06-29 8:00,3635.66,22.6,1839.615,-17.008,1.407,0.0,0.0,0.0,1.407,0.0,-0.689,-7e-06,-0.50058,0.0,0.0,0.0,0.0,0.0,0.0,0.0,32.0,102.0
84,84,84,84,84,84,84,84,84,84,129,HS0301,HS-3-1,HS,2020-01-01 1:00,5197.55,0.0,2227.879,0.0,-11.806,0.0,0.0,0.0,-11.806,0.0,0.050432,999999.0,999999.0,0.0,0.0,0.0,0.0,0.0,0.0,0.0,18.0,0.0
85,85,85,85,85,85,85,85,85,85,130,HS0310,HS-3-10,HS,2020-01-01 1:00,5289.45,0.0,2311.094,0.0,2.572,0.0,0.0,0.0,2.572,0.0,0.049751,999999.0,999999.0,0.0,0.0,0.0,0.0,0.0,0.0,0.0,27.0,0.0
86,86,86,86,86,86,86,86,86,86,131,HS0311,HS-3-11,HS,2020-01-01 1:00,5018.02,0.0,2234.691,0.0,-1.24,0.0,0.0,0.0,-1.24,0.0,0.051285,999999.0,999999.0,0.0,0.0,0.0,0.0,0.0,0.0,0.0,28.0,0.0
87,87,87,87,87,87,87,87,87,87,132,HS0312,HS-3-12,HS,2020-01-01 1:00,5261.1,0.0,2279.147,0.0,-3.338,0.0,0.0,0.0,-3.338,0.0,0.050121,999999.0,999999.0,0.0,0.0,0.0,0.0,0.0,0.0,0.0,29.0,0.0
88,88,88,88,88,88,88,88,88,88,133,HS0313,HS-3-13,HS,2020-01-01 1:00,5311.3,0.0,2268.803,0.0,-8.246,0.0,0.0,0.0,-8.246,0.0,0.050334,999999.0,999999.0,0.0,0.0,0.0,0.0,0.0,0.0,0.0,30.0,0.0
89,89,89,89,89,89,89,89,89,89,134,HS0314,HS-3-14,HS,2020-01-01 1:00,5371.85,0.0,2318.189,0.0,0.107,0.0,0.0,0.0,0.107,0.0,0.049621,999999.0,999999.0,0.0,0.0,0.0,0.0,0.0,0.0,0.0,31.0,0.0
90,90,90,90,90,90,90,90,90,90,135,HS0302,HS-3-2,HS,2020-01-01 1:00,5328.97,0.0,2307.821,0.0,-0.145,0.0,0.0,0.0,-0.145,0.0,0.04941,999999.0,999999.0,0.0,0.0,0.0,0.0,0.0,0.0,0.0,19.0,0.0
91,91,91,91,91,91,91,91,91,91,136,HS0303,HS-3-3,HS,2020-01-01 1:00,5094.88,0.0,540.115,0.0,-241.786,0.0,0.0,0.0,-241.786,0.0,0.050339,999999.0,999999.0,0.0,0.0,0.0,0.0,0.0,0.0,0.0,20.0,0.0
92,92,92,92,92,92,92,92,92,92,137,HS0304,HS-3-4,HS,2020-01-01 1:00,5073.78,0.0,2260.278,0.0,1.769,0.0,0.0,0.0,1.769,0.0,0.050442,999999.0,999999.0,0.0,0.0,0.0,0.0,0.0,0.0,0.0,21.0,0.0
93,93,93,93,93,93,93,93,93,93,138,HS0305,HS-3-5,HS,2020-01-01 1:00,5048.96,0.0,2280.164,0.0,7.692,0.0,0.0,0.0,7.692,0.0,0.051216,999999.0,999999.0,0.0,0.0,0.0,0.0,0.0,0.0,0.0,22.0,0.0
94,94,94,94,94,94,94,94,94,94,139,HS0306,HS-3-6,HS,2020-01-01 1:00,4962.72,0.0,2262.378,0.0,8.006,0.0,0.0,0.0,8.006,0.0,0.051443,999999.0,999999.0,0.0,0.0,0.0,0.0,0.0,0.0,0.0,23.0,0.0
95,95,95,95,95,95,95,95,95,95,140,HS0307,HS-3-7,HS,2020-01-01 1:00,5151.11,0.0,2214.708,0.0,-12.295,0.0,0.0,0.0,-12.295,0.0,0.049944,999999.0,999999.0,0.0,0.0,0.0,0.0,0.0,0.0,0.0,24.0,0.0
96,96,96,96,96,96,96,96,96,96,141,HS0308,HS-3-8,HS,2020-01-01 1:00,5289.76,0.0,2318.46,0.0,4.253,0.0,0.0,0.0,4.253,0.0,0.049748,999999.0,999999.0,0.0,0.0,0.0,0.0,0.0,0.0,0.0,25.0,0.0
97,97,97,97,97,97,97,97,97,97,142,HS0309,HS-3-9,HS,2020-01-01 1:00,5092.12,0.0,2249.491,0.0,-1.64,0.0,0.0,0.0,-1.64,0.0,0.05138,999999.0,999999.0,0.0,0.0,0.0,0.0,0.0,0.0,0.0,26.0,0.0
98,98,98,98,98,98,98,98,98,98,143,SG0011,SC-11,SG,2020-01-01 1:00,4002.34,9.9,1987.42,-3.654,-0.515,-6.577,6.062,0.0,-0.515,-6.577,-0.07637,-0.33908,999999.0,0.0,0.0,0.0,0.0,0.0,0.0,0.0,14.0,84.0
99,99,99,99,99,99,99,99,99,99,144,SG0012,SC-12,SG,2020-01-01 1:00,3903.39,9.6,1955.087,9.867,1.894,24.186,-22.292,0.0,1.894,24.186,-0.079959,-0.33689,999999.0,0.0,0.0,0.0,0.0,0.0,0.0,0.0,15.0,85.0
100,100,100,100,100,100,100,100,100,100,145,SG0013,SC-13,SG,2020-01-01 1:00,3886.8,5.7,1917.035,14.943,11.675,149.09,-137.415,0.0,11.675,149.09,-0.074527,-0.315,999999.0,0.0,0.0,0.0,0.0,0.0,0.0,0.0,40.0,110.0
101,101,101,101,101,101,101,101,101,101,146,SG0014,SC-14,SG,2020-01-01 1:00,3961.5,11.8,1914.345,12.592,17.998,229.834,-211.836,0.0,17.998,229.834,-0.074431,-0.35082,999999.0,0.0,0.0,0.0,0.0,0.0,0.0,0.0,16.0,86.0
102,102,102,102,102,102,102,102,102,102,147,SG0015,SC-15,SG,2020-01-01 1:00,4122.5,5.8,1950.744,-3.415,18.527,236.59,-218.063,0.0,18.527,236.59,-0.071254,-0.36197,999999.0,0.0,0.0,0.0,0.0,0.0,0.0,0.0,41.0,111.0
103,103,103,103,103,103,103,103,103,103,150,EP1303,EP-13U,EP,2020-06-29 9:00,3522.53,4.7,1741.783,-5.979,88.524,0.0,0.0,0.0,88.524,0.0,-1.9587,-0.31109,999999.0,0.0,0.0,0.0,0.0,0.0,0.0,0.0,2.0,72.0
104,104,104,104,104,104,104,104,104,104,151,EP1401,EP-14C,EP,2020-06-29 9:00,3849.32,12.2,1868.849,-16.532,41.613,0.0,0.0,0.0,41.613,0.0,-1.3409,-0.67884,999999.0,0.0,0.0,0.0,0.0,0.0,0.0,0.0,6.0,76.0
105,105,105,105,105,105,105,105,105,105,152,EP1402,EP-14D,EP,2020-06-29 9:00,2800.26,10.3,1621.945,11.014,17.921,0.0,0.0,0.0,17.921,0.0,-1.3509,-0.72611,999999.0,0.0,0.0,0.0,0.0,0.0,0.0,0.0,7.0,77.0
106,106,106,106,106,106,106,106,106,106,153,EP1403,EP-14U,EP,2020-06-29 9:00,3775.6,10.6,1889.732,9.951,20.96,0.0,0.0,0.0,20.96,0.0,-1.3617,-0.54466,999999.0,0.0,0.0,0.0,0.0,0.0,0.0,0.0,5.0,75.0
107,107,107,107,107,107,107,107,107,107,154,EP1501,EP-15C,EP,2020-06-29 9:00,4264.38,16.0,1966.714,9.882,47.057,0.0,0.0,0.0,47.057,0.0,-1.3637,-0.57106,999999.0,0.0,0.0,0.0,0.0,0.0,0.0,0.0,9.0,79.0
108,108,108,108,108,108,108,108,108,108,155,EP1502,EP-15D,EP,2020-06-29 9:00,3507.0,14.8,1801.622,-17.278,29.574,0.0,0.0,0.0,29.574,0.0,-1.365,-0.12796,999999.0,0.0,0.0,0.0,0.0,0.0,0.0,0.0,10.0,80.0
109,109,109,109,109,109,109,109,109,109,157,EP1601,EP-16C,EP,2020-06-29 9:00,3398.0,11.2,1747.458,3.551,42.106,0.0,0.0,0.0,42.106,0.0,-1.3829,-0.92484,999999.0,0.0,0.0,0.0,0.0,0.0,0.0,0.0,12.0,82.0
110,110,110,110,110,110,110,110,110,110,161,EP1702,EP-17D,EP,2020-06-29 9:00,3144.27,5.9,1751.439,14.241,4.175,0.0,0.0,0.0,4.175,0.0,-1.3328,-1.2495,999999.0,0.0,0.0,0.0,0.0,0.0,0.0,0.0,36.0,108.0
111,111,111,111,111,111,111,111,111,111,162,EP1703,EP-17U,EP,2020-06-29 9:00,3049.44,3.2,1725.316,-21.543,3.894,0.0,0.0,0.0,3.894,0.0,-1.3602,-0.6546,999999.0,0.0,0.0,0.0,0.0,0.0,0.0,0.0,34.0,106.0
112,112,112,112,112,112,112,112,112,112,163,EP1801,EP-18C,EP,2020-06-29 9:00,3821.76,3.0,1922.268,14.241,9.622,0.0,0.0,0.0,9.622,0.0,-1.3249,-0.50513,999999.0,0.0,0.0,0.0,0.0,0.0,0.0,0.0,38.0,108.0
113,113,113,113,113,113,113,113,113,113,164,EP1802,EP-18D,EP,2020-06-29 9:00,2908.47,3.4,3422.987,-4.989,-1181.435,0.0,0.0,0.0,-1181.435,0.0,-1.2896,-0.70123,999999.0,0.0,0.0,0.0,0.0,0.0,0.0,0.0,39.0,111.0
114,114,114,114,114,114,114,114,114,114,175,NS0008,NS-8,NS,2020-02-29 5:00,2155.3,0.0,751.792,7.98,-1403.508,-1403.508,0.0,0.0,-1403.508,0.0,999999.0,999999.0,999999.0,0.0,0.0,0.0,0.0,0.0,0.0,0.0,67.0,137.0
115,115,115,115,115,115,115,115,115,115,176,PJ0501,PJ-5-1,PJ,2020-01-01 1:00,4476.54,0.0,539.878,0.0,-70.443,0.0,0.0,0.0,-70.443,0.0,0.016832,999999.0,999999.0,0.0,0.0,0.0,0.0,0.0,50.0,0.0,0.0,0.0
116,116,116,116,116,116,116,116,116,116,177,PJ0502,PJ-5-2,PJ,2020-01-01 1:00,4589.28,0.0,2187.295,0.0,3.348,0.0,0.0,0.0,3.348,0.0,0.017171,999999.0,999999.0,0.0,0.0,0.0,0.0,0.0,51.0,0.0,0.0,0.0
